{
  "ie": {
    "6": 0,
    "7": 0.018155095370734155,
    "8": 0.0011423620951056214,
    "9": 0.0002623201848020316,
    "10": 0.0006981101692312132,
    "11": 1.1691145229847062,
    "5.5": 0
  },
  "edge": {
    "12": 0.0066087762687221515,
    "13": 0.00371902326517719,
    "14": 0.010678970103876254,
    "15": 0.02428577194780099,
    "16": 0.07553128934009465,
    "17": 0.24580670607167146,
    "18": 1.7936692662032854,
    "76": 0
  },
  "firefox": {
    "2": 0,
    "3": 0,
    "4": 0.0001311600924010158,
    "5": 0,
    "6": 0.0001311600924010158,
    "7": 0,
    "8": 0,
    "9": 0,
    "10": 0,
    "11": 0,
    "12": 0,
    "13": 0,
    "14": 0,
    "15": 0,
    "16": 0,
    "17": 0,
    "18": 0,
    "19": 0,
    "20": 0,
    "21": 0,
    "22": 0,
    "23": 0,
    "24": 0,
    "25": 0,
    "26": 0,
    "27": 0,
    "28": 0,
    "29": 0,
    "30": 0,
    "31": 0.00004230970722613413,
    "32": 0.00008885038517488167,
    "33": 0,
    "34": 0,
    "35": 0,
    "36": 0,
    "37": 0.0002623201848020316,
    "38": 0.00021577950685328407,
    "39": 0.0010069710319819923,
    "40": 0.00017346979962714994,
    "41": 0.00012692912167840237,
    "42": 0.00017346979962714994,
    "43": 0.0019208607080664895,
    "44": 0.0004357899844291816,
    "45": 0.002272031278043403,
    "46": 0.0003469395992542999,
    "47": 0.002009711093241371,
    "48": 0.0029320627107710952,
    "49": 0.0016627714939870715,
    "50": 0.0006981101692312132,
    "51": 0.0008758109395809765,
    "52": 0.026215094597312708,
    "53": 0.0011804408316091423,
    "54": 0.0006981101692312132,
    "55": 0.0002200104775758975,
    "56": 0.002623201848020316,
    "57": 0.006959946838699065,
    "58": 0.00030462989202816574,
    "59": 0.00021577950685328407,
    "60": 0.028402506460903844,
    "61": 0.0023608816632182845,
    "62": 0.0005669500768301974,
    "63": 0.007311117408675977,
    "64": 0.001095821417156874,
    "65": 0.0012227505388352764,
    "66": 0.0016162308160383237,
    "67": 0.004895233126063719,
    "68": 0.032819639895312246,
    "69": 0.2475540969801108,
    "70": 0.4335391080047512,
    "71": 0.18423338914547846,
    "72": 0.0005246403696040632,
    "3.5": 0,
    "3.6": 0
  },
  "chrome": {
    "4": 0,
    "5": 0,
    "6": 0,
    "7": 0,
    "8": 0,
    "9": 0,
    "10": 0,
    "11": 0,
    "12": 0,
    "13": 0,
    "14": 0,
    "15": 0,
    "16": 0,
    "17": 0,
    "18": 0,
    "19": 0,
    "20": 0,
    "21": 0,
    "22": 0,
    "23": 0,
    "24": 0,
    "25": 0.00008885038517488167,
    "26": 0,
    "27": 0.00030462989202816574,
    "28": 0,
    "29": 0,
    "30": 0,
    "31": 0.00017346979962714994,
    "32": 0.00035117056997691326,
    "33": 0.00030462989202816574,
    "34": 0.0003934802772030474,
    "35": 0,
    "36": 0.0005246403696040632,
    "37": 0.0012227505388352764,
    "38": 0.0005669500768301974,
    "39": 0.0002200104775758975,
    "40": 0.0001311600924010158,
    "41": 0.0006092597840563315,
    "42": 0.0002623201848020316,
    "43": 0.00035117056997691326,
    "44": 0.00008461941445226826,
    "45": 0.00017346979962714994,
    "46": 0.0004357899844291816,
    "47": 0.0009138896760844972,
    "48": 0.0003469395992542999,
    "49": 0.05277712879387972,
    "50": 0.0007404198764573473,
    "51": 0.0026189708772977023,
    "52": 0.0008292702616322289,
    "53": 0.0011381311243830081,
    "54": 0.0005711810475528107,
    "55": 0.0077849861296086795,
    "56": 0.007738445451659933,
    "57": 0.06016863464628534,
    "58": 0.005859894450819577,
    "59": 0.0007869605544060948,
    "60": 0.004332514019956135,
    "61": 0.006604545297999537,
    "62": 0.004108272571657624,
    "63": 0.030145666398620565,
    "64": 0.021789499221459077,
    "65": 0.01766853373763361,
    "66": 0.009320828501917348,
    "67": 0.033784301220068105,
    "68": 0.1467681433967367,
    "69": 0.04191622694893109,
    "70": 0.12707720565369388,
    "71": 0.0261177822706926,
    "72": 0.039254946364407246,
    "73": 0.04098964436067874,
    "74": 0.10252488255036822,
    "75": 0.2450282074587106,
    "76": 0.6397058493762575,
    "77": 2.8805760280476123,
    "78": 5.885043340794791,
    "79": 0.29166619773407826,
    "80": 0.0020520208004675055,
    "81": 0
  },
  "safari": {
    "4": 0,
    "5": 0,
    "6": 0,
    "7": 0,
    "8": 0.0011381311243830081,
    "9": 0.0026274328187429296,
    "10": 0.014402224339776058,
    "11": 0.048004593818771785,
    "12": 0.11114336991233174,
    "13": 3.6851924232791733,
    "3.1": 0,
    "3.2": 0,
    "5.1": 0,
    "6.1": 0,
    "7.1": 0,
    "9.1": 0.03251501000328408,
    "10.1": 0.12712797730236522,
    "11.1": 0.1433622119650329,
    "12.1": 0.5640730167388203,
    "TP": 0
  },
  "opera": {
    "9": 0,
    "11": 0,
    "12": 0,
    "15": 0,
    "16": 0,
    "17": 0,
    "18": 0,
    "19": 0,
    "20": 0,
    "21": 0,
    "22": 0,
    "23": 0,
    "24": 0,
    "25": 0,
    "26": 0,
    "27": 0,
    "28": 0,
    "29": 0,
    "30": 0,
    "31": 0,
    "32": 0,
    "33": 0,
    "34": 0,
    "35": 0.0007869605544060948,
    "36": 0.011114760088305435,
    "37": 0,
    "38": 0,
    "39": 0,
    "40": 0,
    "41": 0,
    "42": 0,
    "43": 0,
    "44": 0,
    "45": 0,
    "46": 0,
    "47": 0,
    "48": 0,
    "49": 0,
    "50": 0,
    "51": 0,
    "52": 0,
    "53": 0,
    "54": 0.0001311600924010158,
    "55": 0,
    "56": 0,
    "57": 0,
    "58": 0.00004230970722613413,
    "60": 0,
    "62": 0.00017770077034976335,
    "63": 0.01961054929931317,
    "64": 0.012735221875066373,
    "9.5-9.6": 0,
    "10.0-10.1": 0,
    "10.5": 0,
    "10.6": 0,
    "11.1": 0,
    "11.5": 0,
    "11.6": 0,
    "12.1": 0.0002200104775758975
  },
  "ios_saf": {
    "8": 0.0011339001536603947,
    "3.2": 0,
    "4.0-4.1": 0.00004230970722613413,
    "4.2-4.3": 0.00008461941445226826,
    "5.0-5.1": 0.0013962203384624264,
    "6.0-6.1": 0.000655800462005079,
    "7.0-7.1": 0.008660797069189657,
    "8.1-8.4": 0.028838296445333023,
    "9.0-9.2": 0.04095156562417522,
    "9.3": 0.4554978460551148,
    "10.0-10.2": 0.15845831550331754,
    "10.3": 0.7199927498085696,
    "11.0-11.2": 0.5398507093518584,
    "11.3-11.4": 0.9994483660371857,
    "12.0-12.1": 1.209499138532051,
    "12.2-12.4": 15.354323912456477,
    "13.0-13.1": 25.411967503775507,
    "13.2": 5.266225793876076,
    "13.3": 0.6183902188757312
  },
  "op_mini": {
    "all": 0.0016458476110966177
  },
  "android": {
    "3": 0,
    "4": 0.00017346979962714994,
    "76": 1.4170621002420198,
    "2.1": 0,
    "2.2": 0.00008885038517488167,
    "2.3": 0.0004357899844291816,
    "4.1": 0,
    "4.2-4.3": 0,
    "4.4": 0.00008885038517488167,
    "4.4.3-4.4.4": 0
  },
  "bb": {
    "7": 0,
    "10": 0.0004823306623779291
  },
  "op_mob": {
    "10": 0.0054410283492808496,
    "11": 0.0054410283492808496,
    "12": 0.0054410283492808496,
    "46": 0.0054410283492808496,
    "11.1": 0.0054410283492808496,
    "11.5": 0.0054410283492808496,
    "12.1": 0.0054410283492808496
  },
  "and_chr": {
    "78": 20.882379098530762
  },
  "and_ff": {
    "68": 0.09399524557357959
  },
  "ie_mob": {
    "10": 0,
    "11": 0
  },
  "and_uc": {
    "12.12": 0.005229479813150179
  },
  "samsung": {
    "4": 0,
    "5.0-5.4": 0,
    "6.2-6.4": 0,
    "7.2-7.4": 0,
    "8.2": 0,
    "9.2": 0,
    "10.1": 0
  },
  "and_qq": {
    "1.2": 0
  },
  "baidu": {
    "7.12": 0
  },
  "kaios": {
    "2.5": 0
  }
}